depth_m,age,sed_rates,aragonite,lmc,hmc,water,TGA_orgstof,TGA_totalorg,TGA_CaCO3,Flash_TC,Flash_TOC,Flash_TN,Flash_CaCO3,s_500,s_355-500,s_250-355,s_125-250,s_63-125,s_63,l_63,l_63-125,l_125_250,l_250_500,l_500,d18O_pl,d13C_pl,d13C_bulk,d18O_bulk,L*,a*,b*,mean,sorting,skewness,kurtosis,median
0.01,0.00,8.01,62.06,25.95,11.99,37.37,,,,,,,,0.78,4.54,9.24,14.09,12.53,57.83,39.98,20.55,14.78,22.69,2.01,-1.891,0.263,,,,,,88.41,3.434,-0.052,0.855,84.94
0.06,,8.01,58.84,29.43,11.74,37.53,0.53,2.48,94.1,11.43,0.25,0.04,93.17,3.79,14.3,14.94,14.2,10.11,42.66,,,,,,-1.525,0.769,,,50.6307,0.9927,13.826,,,,,
0.11,,8.01,56.45,31.12,12.43,35.17,,,,,,,,11.11,14.44,12.33,11.9,8.75,40.97,26.86,12.82,10.62,27.69,22.01,-2.421,0.355,0.876174337,-1.027482399,50.7169,0.8432,13.8794,166.7,3.821,-0.456,0.815,245.9
0.16,,8.01,56.35,31.91,11.74,35.08,,,,,,,,17.26,13.54,11.47,11.07,7.82,38.34,,,,,,-2.422,-0.029,0.7617576,-0.7881037,51.2273,0.968,14.3278,,,,,
0.21,,8.01,64.61,23.22,12.17,35.59,,,,,,,,19.49,9.25,8.31,9.25,7.41,46.08,16.7,5.83,4.24,8.98,64.25,-1.562,0.161,1.02663827,-1.700385562,50.2813,0.9946,14.1482,430.4,4.776,-0.622,0.984,834.6
0.26,,8.01,70.91,17.22,11.87,39.72,0.74,3.2,92.45,11.73,0.56,0.08,93.07,3.12,4.63,6.03,9.31,8.77,68.14,,,,,,-1.293,0.796,,,50.0929,0.6184,16.7088,,,,,
0.31,,8.01,71.16,17.23,11.61,36.24,,,,,,,,3.62,3.94,5.46,8.96,9,68.16,55.97,3.28,0.28,14.06,26.41,-1.892,0.723,0.851169889,-1.806193998,50.528,0.5572,16.8842,76.01,5.742,0.277,0.643,48.57
0.36,,8.01,70.62,17.5,11.88,34.37,,,,,,,,6.59,4.74,5.91,8.21,8.11,65.7,,,,,,-1.697,1.201,0.885602876,-1.736083649,52.0983,0.3278,13.308,,,,,
0.41,5.12,8.01,71.06,16.74,12.2,35.01,,,,,,,,3.62,3.77,4.84,7.59,8.69,72.23,54.62,17.04,7.99,12.79,7.56,-2.114,0.459,0.846495202,-1.874214348,51.1249,0.4623,14.6723,64.11,4.242,0.113,0.937,54.37
0.46,,13.39,68.88,18.5,12.62,36.55,0.73,3.19,92.62,11.66,0.5,0.07,92.94,4.68,5.29,6.05,8.83,8.19,66.95,,,,,,-1.534,0.869,,,49.8328,0.3921,13.638,,,,,
0.51,,13.39,67.69,19.36,12.96,34.15,,,,,,,,9.19,6.35,7.46,9.94,8.77,55.15,35.8,11.56,7.11,12.39,33.15,-1.518,0.794,0.793418758,-1.802918097,,,,161.9,5.935,-0.06,0.722,161.1
0.56,,13.39,67.85,18.75,13.4,37.62,0.73,3.42,91.4,11.69,0.63,0.07,92.17,5.08,6.26,7.38,9.85,8.36,62.1,,,,,,-1.603,1.151,,,48.2354,0.3749,12.1218,,,,,
0.61,,13.39,63.53,23.36,13.11,36.37,,,,,,,,5.57,8.05,9.14,12.32,9.97,53.34,39.83,5.62,2.87,23.58,28.11,-1.098,0.674,0.874364266,-1.517061375,48.0584,0.5134,12.4378,156.1,5.07,-0.456,0.711,269.5
0.66,,13.39,62.18,24.84,12.98,36.62,,,,,,,,7.48,8.71,10.19,13.06,10.76,47.52,,,,,,-1.699,0.731,0.781413632,-1.569377577,47.2878,0.4901,12.7842,,,,,
0.71,,13.39,63.91,22.81,13.28,35.68,,,,,,,,6.96,6.94,8.64,10.86,9.3,55.38,38.29,14.88,10.72,19.07,17.04,-1.732,0.656,0.783116483,-1.768785295,48.1187,0.4888,10.7083,106.9,4.409,-0.042,0.797,104.8
0.76,,13.39,61.96,24.88,13.16,37.82,0.63,2.92,92.45,11.46,0.44,0.05,91.81,5.45,7.45,9.13,13.83,9.32,51.56,,,,,,-1.892,1.196,,,49.0835,0.5177,10.0991,,,,,
0.81,,13.39,61.35,25.8,12.85,35.34,,,,,,,,9.59,8.6,10.02,12.71,9.82,47.76,33.88,1.89,2.95,28.73,32.55,-1.196,0.219,0.805430704,-1.207826167,47.3415,0.6666,12.3568,170.9,5.041,-0.597,0.698,353.1
0.86,,13.39,58.9,26.89,14.21,36.97,,,,,,,,9.63,9.07,9.88,11.65,9.5,49.22,,,,,,-2.96,0.95,1.218507494,-1.21301314,47.2346,0.4742,12.9935,,,,,
0.91,,13.39,57.81,27.84,14.35,35.95,,,,,,,,7.5,10.33,11.28,12.43,9.39,48.33,30.87,0.25,1.87,29.18,37.83,-1.139,0.717,0.909135942,-1.008556277,48.5514,0.7538,13.5624,176.7,5.45,-0.623,0.672,395.9
0.96,,13.39,60.92,25.36,13.72,37.12,0.63,2.8,93.07,11.55,0.41,0.05,92.73,,,,,,,,,,,,-1.047,0.866,,,48.3506,0.8287,13.6294,,,,,
1.01,9.60,13.39,62.67,23.04,14.29,36.67,,,,,,,,6.05,7.35,8.45,10.45,9.67,56.92,40.19,13.83,10.42,21.08,14.48,-1.234,0.586,1.186374742,-1.690607334,49.1406,0.7186,14.1272,99.35,4.294,-0.058,0.756,97.94
1.06,,10.61,56.65,29.34,14.02,36.11,,,,,,,,7.01,10.43,11.34,12.46,10.32,47.12,,,,,,-1.131,0.901,0.989294569,-1.081146319,50.3778,1.0087,14.4866,,,,,
1.11,,10.61,57.14,28.85,14.01,36.87,,,,,,,,8.83,10.24,10.35,14.06,9.9,43.92,27.29,9.73,10.26,25.8,26.92,-1.003,0.816,0.764190881,-1.420769015,49.3871,0.8303,11.7206,175.6,4.152,-0.483,0.808,277.6
1.16,,10.61,54.74,31.5,13.76,38.45,0.6,2.6,94.47,11.53,0.34,0.04,93.17,11.98,11.11,12.85,13.51,6.75,39.43,,,,,,-0.824,0.533,,,49.894,1.2158,13.8128,,,,,
1.21,,10.61,56.63,30.3,13.07,35.83,,,,,,,,7.63,10.58,11.4,12.36,8.64,47.2,28.67,4.04,5.63,25.7,35.96,-1.071,0.616,,,50.5618,1.061,13.8097,198.6,4.632,-0.559,0.758,365.6
1.26,,10.61,55.7,31.51,12.79,37.38,,,,,,,,9.42,11.84,12.38,12.91,9.33,43.01,,,,,,-1.209,1.036,0.646541636,-1.57689439,50.4633,1.0154,13.1435,,,,,
1.31,,10.61,56.19,30.28,13.53,37.51,,,,,,,,10.03,13.88,13.27,11.49,7.7,37.8,21.69,4.19,6.97,24.26,42.89,-1.123,0.775,0.697596399,-1.069429814,50.2055,1.1368,14.1524,242.3,4.437,-0.555,0.989,428.1
1.36,,10.61,56.87,30.26,12.88,36.3,0.5,2.32,93.84,11.68,0.25,0.03,95.26,8.59,9.89,10.61,12.13,10.4,46.43,,,,,,-1.037,0.782,,,50.7817,0.9688,13.5105,,,,,
1.41,,10.61,57.7,30.19,12.1,35.92,,,,,,,,5.44,7.02,7.1,12.43,12.54,52.76,12.17,5.87,4.5,6.42,71.04,-0.922,0.451,0.835168247,-1.727147849,51.5088,1.1656,14.7968,616.9,4.184,-0.731,1.097,1273.3
1.46,,10.61,54.14,32.48,13.38,35.86,,,,,,,,7.58,10.25,11.68,10.81,8.56,49.33,,,,,,-1.004,0.645,0.980886458,-0.956137228,51.1124,1.1227,13.8833,,,,,
1.51,,10.61,54.13,33.22,12.66,36.53,,,,,,,,10.91,13.42,13.85,13.68,9.43,38.13,22.46,11.44,12.11,27.26,26.73,-1.293,0.448,0.877031926,-1.015342579,,,,196.1,3.817,-0.439,0.901,286.9
1.56,,10.61,50.06,36.85,13.09,39.17,0.43,1.99,93.68,11.47,0.16,0.03,94.21,14.92,15.19,15.01,14.36,7.48,31.67,,,,,,-1.283,0.661,,,54.3933,1.475,14.1406,,,,,
1.61,,10.61,51.84,35.64,12.53,39.11,,,,,,,,11.47,14.22,15.39,14.37,8.71,34.63,11.63,5.22,6.89,17.05,59.21,-0.952,0.964,0.760040676,-0.541989384,53.3158,1.4531,10.3109,486.4,3.77,-0.452,1.151,670.5
1.66,,10.61,49.88,35.77,14.35,36.41,,,,,,,,11.11,12.05,11.81,12.4,9.67,42.14,,,,,,-1.13,0.491,0.839011302,-0.668980433,53.3294,1.5865,14.1131,,,,,
1.71,16.20,10.61,49.34,35.3,15.36,37.47,,,,,,,,9.92,11.74,13.27,13.45,7.96,42.06,19.09,1.34,5.56,32.12,41.89,-1.275,0.777,1.014186567,-0.804351532,53.1543,1.4385,13.8938,245.3,4.153,-0.598,1.799,435
1.76,,8.33,50.8,35.52,13.68,36.88,0.47,2.16,93.66,11.65,0.24,0.03,95.05,13,14.78,11.83,12.6,9.03,41.51,,,,,,-1.284,0.237,,,52.8875,1.6496,13.7174,,,,,
1.81,,8.33,52.11,34.47,13.42,37.68,,,,,,,,8.12,12.12,13.01,12.12,8.28,44.61,17.88,8.9,9.21,24.02,39.99,-1.142,0.781,1.114987056,-0.786380219,53.4003,1.3413,10.398,270.4,3.992,-0.42,0.967,395.7
1.86,18.00,8.33,51.96,34.7,13.33,37.49,,,,,,,,10.92,12.89,13.3,12.67,8.72,40.51,,,,,,-0.662,0.858,1.257514862,-0.606624895,53.412,1.406,14.3808,,,,,
1.91,71.00,18.93,58.36,27.05,14.6,34.02,,,,,,,,5.62,6.92,7.19,8.13,8.99,62.52,38.58,12.16,8.48,16.08,24.7,-1.174,0.539,1.015545683,-1.200871422,52.3255,0.9901,13.5589,118.1,4.998,-0.056,0.745,118
1.96,,18.93,58.9,27.09,14.01,34.36,0.57,2.62,94.23,11.59,0.33,0.04,93.81,5.95,7.05,8.27,9.93,7.44,59.82,,,,,,-1.384,0.559,,,51.5292,0.981,14.3307,,,,,
2.01,,18.93,57.4,28.93,13.67,34.98,,,,,,,,5.98,8.88,9.05,9.99,8.45,56.96,37.88,10.76,9.07,20.37,21.92,-1.125,0.929,0.950991799,-0.987427578,53.3259,0.8556,14.64,120.4,4.668,-0.189,0.74,141.4
2.06,,18.93,62.12,24.16,13.72,33.99,,,,,,,,4.48,4.58,5.42,7.58,8.86,68.44,,,,,,-1.08,0.464,0.958065747,-1.136975116,52.9258,0.6172,14.9397,,,,,
2.11,,18.93,61.57,23.84,14.59,33.53,,,,,,,,10.67,4.71,4.96,5.96,6.78,65.85,31.41,7.47,4.51,9.58,47.04,-1.324,0.592,0.788431237,-1.552735587,52.5787,0.6857,14.5058,249.1,6.361,-0.416,0.664,423.8
2.16,,18.93,59.63,26.99,13.38,37.52,0.57,2.58,92.55,11.66,0.37,0.04,94.08,14.28,13.02,11.43,10.31,7.6,42.5,,,,,,-1.483,0.691,,,53.7145,0.5371,14.868,,,,,
2.21,,18.93,59.7,26.15,14.15,34.38,,,,,,,,4.87,5.81,6.39,8.1,8.91,65.25,55.27,2.36,0.59,21.3,20.48,-1.367,0.546,0.933592615,-0.923401253,51.6068,0.4745,12.6921,68.7,5.311,0.222,0.618,47.95
2.26,,18.93,63.91,23.7,12.38,34.18,,,,,,,,5.25,4.67,5.43,7.12,8.7,68.13,,,,,,-0.792,0.294,0.5607,-1.603,52.7879,0.3659,13.1694,,,,,
2.31,,18.93,63.58,24.49,11.93,34.85,,,,,,,,6.01,7.15,8.14,8.53,8.49,60.61,43.82,1.56,0.69,19.58,34.35,-1.153,0.405,0.779711756,-1.509562513,51.3379,0.662,14.0346,153.3,5.732,-0.536,0.636,316.4
2.36,,18.93,65.18,21.95,12.88,34.1,0.59,2.77,93.46,11.61,0.39,0.04,93.45,3.4,3.91,4.25,6.52,8.05,73.85,,,,,,-1.383,0.718,,,53.1078,0.7757,12.7881,,,,,
2.41,,18.93,63.82,24.27,11.91,33.96,,,,,,,,3.34,5.51,6.44,8.48,8.73,67.45,45.54,13.04,9,16.93,15.49,-1.113,0,0.6278,-1.4386,48.5097,0.3749,13.7076,84.64,4.804,0.048,0.748,76.16
2.46,,18.93,63.34,24.9,11.76,34.12,,,,,,,,4.01,6.6,7.6,9.6,9.79,62.45,,,,,,-1.449,0.76,0.968227524,-1.394120707,,,,,,,,
2.51,,18.93,61.15,26.4,12.44,34.42,,,,,,,,5.08,7.05,7.85,10.42,10.05,59.02,41.19,5.71,5.99,27.21,19.9,-1.619,0.853,0.494528676,-1.538343019,,,,128.9,4.702,-0.443,0.7,212.2
2.56,,18.93,58.95,28.88,12.17,36.89,0.61,2.69,93.03,11.53,0.4,0.04,92.71,,,,,,,,,,,,-1.031,0.52,,,48.4297,1.2515,12.6694,,,,,
2.61,,18.93,58,29.51,12.49,36.18,,,,,,,,5.13,8.76,10.63,11.56,10.06,53.6,41.35,0.28,0.6,30.59,27.18,-1.405,0.831,0.736379574,-1.080480774,51.5224,1.4531,14.8833,135.9,5.407,-0.679,0.602,337.2
2.66,,18.93,61.76,24.65,13.58,33.96,,,,,,,,2.45,3.2,4.47,5.38,8.3,76.44,,,,,,-1.59,0.91,1.065079789,-1.017982529,53.8294,1.3699,15.0086,,,,,
2.71,,18.93,61.95,25.34,12.71,34.17,,,,,,,,3.35,5.67,6.28,6.01,8.71,69.89,57.91,17.75,6.34,11.69,6.31,-1.179,0.723,1.465069872,-0.83474929,54.2314,0.9052,15.1817,60.32,4.078,0.132,1.101,50.68
2.76,,18.93,64.12,24.15,11.73,35.4,0.62,2.68,93.26,11.81,0.44,0.05,94.72,3.71,5.66,5.77,6.69,6.69,69.4,,,,,,-1.149,0.776,,,53.1115,0.696,15.1168,,,,,
2.81,,18.93,56.92,31.56,11.52,36.39,,,,,,,,5.44,9.29,8.82,8.61,9.12,58.76,33.13,12.51,8.43,18.38,27.55,-0.982,0.762,0.894540972,-0.884052604,53.6155,0.8717,15.3509,149.4,4.666,-0.22,0.775,181.4
2.86,,18.93,62.99,25.5,11.51,34.66,,,,,,,,2.49,3.15,2.78,4.12,8.58,78.19,,,,,,-1.245,0.688,0.911196111,-1.71953137,53.3401,1.3081,15.3334,,,,,
2.91,,18.93,67.01,22.06,10.92,33.71,,,,,,,,1.03,0.86,0.59,2.05,7.73,87.14,58.26,11.91,2.24,3.68,23.91,-1.785,0.537,1.0462,-1.3577,55.1979,0.9532,15.5511,78.34,6.079,0.294,0.685,48.02
2.96,,18.93,62.4,26.81,10.79,35.92,0.57,2.52,93.43,11.67,0.41,0.04,93.81,3.04,3.71,3.71,5.28,7.24,76.05,,,,,,-1.711,0.772,,,54.2047,0.8036,15.7746,,,,,
3.01,,18.93,65.67,23.64,10.69,33.49,,,,,,,,3.45,2.42,2.49,6.29,8.9,78.74,65.15,9.3,2.17,6.92,16.45,-0.785,0.408,1.342567399,-1.020142649,53.9018,0.8305,15.7409,62.03,5.536,0.306,0.948,40.35
3.06,,18.93,65.47,23.73,10.8,35.08,,,,,,,,2.75,2.29,2.23,3.72,9.11,79.1,,,,,,-1.189,0.698,0.951826135,-1.156703391,51.9795,0.8238,15.3923,,,,,
3.11,,18.93,67.2,22.79,10.01,33.63,,,,,,,,2.13,2.48,2.34,3.34,8.94,79.63,83.61,15.59,0.81,0,0,-1.292,0.37,1.142624174,-1.189164442,54.067,0.5552,16.1606,26.68,2.391,-0.207,0.862,30.61
3.16,,18.93,60.79,28.05,11.16,37.44,0.6,2.53,92.61,11.63,0.45,0.04,93.07,1.84,2.31,2.59,3.84,8.55,80.86,,,,,,-1.327,0.402,,,52.6924,0.8408,15.7111,,,,,
3.21,,18.93,64.03,25.01,10.97,34.25,,,,,,,,1.41,1.49,1.77,3.61,11.24,80.83,,,,,,-1.436,0.864,1.040964509,-1.23020895,52.4899,0.9769,15.7798,17.4,2.005,-0.174,0.73,19.04
3.26,,18.93,61.14,28.18,10.68,34.57,,,,,,,,4.42,4.17,3.93,4.17,9.56,73.68,,,,,,-1.306,0.996,0.947029999,-1.028304522,54.4825,0.6836,16.5699,,,,,
3.31,,18.93,60.45,27.64,11.91,34.74,,,,,,,,1.5,1.81,1.75,3.12,8.6,66.52,63.71,14.85,5.6,7.26,8.58,-0.946,0.539,1.181973306,-1.144252772,54.2236,0.6347,16.7547,49.37,4.309,0.174,1.143,42.14
3.36,,18.93,63.35,26.6,10.05,37.16,0.69,2.78,92.51,11.65,0.53,0.05,92.69,2.09,2.55,2.61,3.92,8.3,79.54,,,,,,-1.044,0.659,,,53.3951,0.8078,16.3858,,,,,
3.41,,18.93,64.29,26.59,9.12,35.36,,,,,,,,1.3,1.42,1.78,2.6,8.17,84.73,43.15,7.56,1.81,2.07,45.41,-1.314,0.731,1.191816858,-1.043262602,53.2697,1.1227,16.8575,144,7.347,0.106,0.589,109.8
3.46,,18.93,67.22,23.08,9.7,32.99,,,,,,,,1.39,1.3,1.17,3.28,10.64,82.23,,,,,,-1.379,0.905,1.009088607,-0.896476356,51.9393,0.973,15.8093,,,,,
3.51,,18.93,63.71,25.82,10.47,33.63,,,,,,,,1.77,2.42,2.61,4.03,9.16,79.99,76.88,19.5,3.62,0,0,-1.265,0.93,1.08802,-0.9597719,,,,29.87,2.541,-0.181,0.893,34.03
3.56,,18.93,63.95,25.9,10.15,35.88,0.65,2.61,93.07,11.73,0.45,0.05,93.97,3.42,4.34,4,5.47,9.81,72.96,,,,,,-1.243,0.54,,,55.5015,1.0264,16.1844,,,,,
3.61,,18.93,62.93,27.61,9.46,,,,,,,,,1.98,1.78,2.27,4.3,9.71,79.97,,,,,,-1.165,0.57,1.244083148,-0.81042761,57.0474,0.6389,12.9323,21.05,2.167,-0.215,0.786,23.92
3.66,,18.93,63.46,27.23,9.31,34.93,,,,,,,,0.66,0.74,0.9,3.36,13.28,81.07,,,,,,-1.062,0.877,1.263532868,-0.853622728,58.3042,0.2107,17.3003,,,,,
3.71,,18.93,63.36,27.92,8.72,35.83,,,,,,,,1.17,1.47,1.39,3.91,10.99,81.07,,,,,,-1.154,0.337,0.830930264,-1.084461115,56.179,0.6023,17.0905,18.26,2.047,-0.188,0.749,20.24
3.76,,18.93,62.7,29.62,7.69,35.35,0.42,2.25,94.63,11.72,0.4,0.04,94.33,1.9,2.38,2.58,5.15,10.55,76.09,,,,,,-1.341,0.813,,,58.3939,0.5413,17.4989,,,,,
3.81,,18.93,62.98,28.55,8.48,34.09,,,,,,,,1.46,1.26,1.16,4.06,12.67,79.37,83.59,15.14,1.27,0,0,-1.383,0.872,1.177025563,-0.860988043,58.783,0.2849,17.7902,27,2.376,-0.219,0.873,31.14
3.86,,18.93,61.69,29.15,9.17,34.4,,,,,,,,0.81,1.08,1.12,3.44,11.59,81.96,,,,,,-0.853,0.832,0.9582,-0.87944,57.9217,0.4602,17.4397,,,,,
3.91,,18.93,63.13,30.04,6.82,34.73,,,,,,,,1.32,0.92,0.97,3.62,11.97,81.2,80.07,16.82,3.11,0,0,-0.97,0.842,1.362890545,-0.414626747,58.6082,0.2726,17.325,28.69,2.465,-0.194,0.911,32.9
3.96,,18.93,60.12,32.35,7.52,35.24,0.42,2.17,94.39,11.89,0.38,0.05,95.88,1.77,2.38,2.15,4.15,10.91,77.48,,,,,,-0.873,0.959,,,59.1775,0.1653,17.3598,,,,,
4.01,,18.93,61.13,31.53,7.35,34.82,,,,,,,,1.08,1.05,0.97,3.79,11.79,81.32,77.4,20.3,2.31,0,0,-0.826,0.827,1.015204433,-0.885026125,59.0849,0.1253,17.3068,28.87,2.539,-0.188,0.832,33
4.06,,18.93,61.34,31.36,7.3,35.73,,,,,,,,1.46,1.19,1.46,3.8,11.74,79.61,,,,,,-0.758,0.905,0.9976,-0.679188,59.108,0.2781,17.7922,,,,,
4.11,,18.93,59.58,33.63,6.78,35.74,,,,,,,,0.52,0.72,0.76,3,9.45,85.3,77.45,18.95,3.6,0,0,-1.221,0.623,0.715121521,-1.313182223,59.1951,0.2685,17.6395,29.31,2.548,-0.17,0.881,33.22
4.16,,18.93,60.76,32,7.24,35,0.41,2.19,94.57,11.91,0.38,0.05,96.07,0.78,0.67,0.73,3.35,10.84,82.35,,,,,,-1.09,1.064,,,59.3097,0.2501,17.5094,,,,,
4.21,,18.93,61.61,31.43,6.95,34.66,,,,,,,,1.21,1.35,1.42,3.69,9.83,81.7,89.88,10.12,0,0,0,-1.175,0.862,0.708548694,-1.336479672,58.9069,0.3041,17.2715,23.82,2.283,-0.213,0.817,27.22
4.26,,18.93,61.08,32.09,6.82,35.65,,,,,,,,1.43,1.21,1.1,3.66,10.43,82.19,,,,,,-0.89,0.908,1.168746404,-0.820697164,59.308,0.2359,17.159,,,,,
4.31,,18.93,62.84,30.72,6.44,34.92,,,,,,,,0.67,0.71,0.59,3.01,9.75,84.83,,,,,,-1.131,0.988,1.086293115,-0.815141299,59.5674,0.2129,16.6546,21.03,2.14,-0.241,0.779,24.16
4.36,,18.93,62.54,29.84,7.62,35.3,0.43,2.21,94.43,12.04,0.35,0.05,97.4,0.83,1,1.12,4.99,12.82,79.23,,,,,,-1.251,0.581,,,58.7703,0.2379,17.7623,,,,,
4.41,,18.93,63.38,29.53,7.08,34.13,,,,,,,,1.96,1.36,1.36,3.92,12.57,78.43,,,,,,-1.032,0.97,1.10780385,-0.781754526,58.7134,0.2063,17.3363,20.04,2.088,-0.248,0.755,22.93
4.46,,18.93,65.04,28.35,6.62,32.52,,,,,,,,0.48,0.53,0.7,3.19,11.65,83.35,,,,,,-1.056,0.796,1.151852282,-0.895566171,,,,,,,,
4.51,,18.93,62.9,30.03,7.07,32.39,,,,,,,,1.27,0.99,1.32,3.91,12.17,80.45,80.9,12.42,2.9,3.59,0.18,-0.764,0.897,1.313938449,-0.659569749,,,,27.49,2.742,-0.055,1.061,30.81
4.56,85.00,18.93,60.99,32.6,6.41,34.92,0.38,2.12,94.55,12,0.37,0.04,96.89,0.58,0.58,0.87,2.95,11.66,83.36,,,,,,-1.144,0.695,,,62.9185,-0.0952,13.7273,,,,,
4.61,,18.75,65.91,27.48,6.61,34.42,,,,,,,,1.17,1.03,1.22,4.96,14.74,76.95,89.1,10.9,0,0,0,-1.065,0.977,0.839614143,-1.115212799,61.5267,0.3196,12.6758,24.75,2.272,-0.237,0.845,28.57
4.66,,18.75,64.93,27.97,7.1,35.18,,,,,,,,0.96,1.11,1.35,4.26,12.06,80.16,,,,,,-0.706,0.534,1.182217272,-0.806635888,62.4219,0.202,13.9091,,,,,
4.71,,18.75,64.7,27.77,7.54,36.16,,,,,,,,0.84,0.77,1.11,4.1,12.26,81.12,73.32,21.59,5.09,0,0,-1.108,0.688,1.322704308,-1.000568808,62.7262,0.0845,14.1096,32.71,2.56,-0.199,0.954,37.58
4.76,,18.75,62.56,30.48,6.95,35.9,0.44,2.17,94.33,11.99,0.39,0.04,96.64,1.3,0.99,1.02,3.79,8.78,84.11,,,,,,-1.259,0.897,,,61.9667,0.084,13.9612,,,,,
4.81,,18.75,61.61,31.61,6.78,36.29,,,,,,,,0.79,0.77,1.06,3.35,9.98,84.17,77.52,19.5,2.98,0,0,-0.853,1.182,1.327982137,-1.060025815,61.2296,0.0378,13.2345,29.8,2.502,-0.198,0.899,34.19
4.86,,18.75,61.19,31.79,7.02,35.66,,,,,,,,1.16,0.67,0.42,3.32,10.24,83.47,,,,,,-1.035,0.811,0.753036747,-1.296639106,60.6505,0.1035,13.584,,,,,
4.91,,18.75,62.85,30.54,6.61,35.7,,,,,,,,0.91,0.63,0.76,2.76,8.91,85.87,,,,,,-1.137,0.916,1.350956524,-0.786016433,61.1729,0.1168,13.5435,14.99,1.926,-0.055,0.745,15.48
4.96,,18.75,63.64,29.18,7.17,37.58,0.42,2.11,94.47,11.93,0.31,0.04,96.86,2.03,1.35,1.39,4.89,12.34,76.44,,,,,,-1.127,0.8,,,60.4883,0.2316,13.5106,,,,,
5.01,,18.75,61.49,31,7.5,36.52,,,,,,,,0,0,1.2,3.55,9.61,82.96,77.33,18.03,4.07,0.57,0,-1.25,0.97,0.909042593,-1.398478602,60.0371,0.2202,13.4704,29.3,2.58,-0.153,0.892,33.05
5.06,,18.75,61.96,31.32,6.72,36.64,,,,,,,,0.75,0.69,0.98,2.37,7.74,87.12,,,,,,-1.61,0.949,0.931165066,-1.730008054,60.7902,0.1683,13.5243,,,,,
5.11,,18.75,62.18,30.95,6.88,36.47,,,,,,,,1.25,1.21,1.25,1.28,8.57,85.2,86.74,12.74,0.52,0,0,-1.16,0.889,0.956307782,-1.413721745,61.1922,0.1207,13.5919,23.88,2.39,-0.139,0.812,26.37
5.16,,18.75,62.83,30.08,7.09,37.8,0.47,2.28,93.96,11.88,0.41,0.04,95.47,2.96,1.76,1.68,4.91,5.51,80.3,,,,,,-1.377,0.896,,,60.9838,0.0043,13.285,,,,,
5.21,,18.75,63.7,29.44,6.86,36.28,,,,,,,,0.81,1.03,1.15,3.55,8.48,85.18,,,,,,-0.897,0.641,1.357951841,-0.929576911,60.8738,0.1359,13.3901,19.26,2.114,-0.178,0.754,21.36
5.26,,18.75,63.3,29.66,7.04,35.71,,,,,,,,1.04,1.24,1.45,3.93,9.11,83.75,,,,,,-1.25,0.792,0.988494329,-1.288225438,61.0962,0.0759,13.5258,,,,,
5.31,89.00,18.75,66.11,27.11,6.79,36.01,,,,,,,,0.89,1.1,1.25,4.55,9.93,82.65,81.55,16.59,1.86,0,0,-1.704,1.182,0.936193416,-1.312066027,61.0696,0.1412,13.4212,25.06,2.558,-0.09,0.778,26.98
5.36,,6.41,67.29,25.99,6.72,37.58,0.55,2.44,94.58,11.88,0.43,0.05,95.45,0.97,0.87,0.92,3.59,7.5,86.14,,,,,,-1.472,0.773,,,60.1061,0.1042,13.202,,,,,
5.41,,6.41,67.19,26.04,6.77,35.8,,,,,,,,0.74,0.84,1.26,3.68,8.6,85.26,79.8,16.76,3.44,0,0,-1.825,0.714,1.024754192,-1.257063378,59.2888,0.1813,12.8434,27.47,2.554,-0.135,0.859,30.58
5.46,,6.41,64.59,27.48,7.92,34.64,,,,,,,,0.58,0.84,1.06,2.7,7.35,89.77,,,,,,-1.191,0.736,1.03818913,-1.287134353,,,,,,,,
5.51,,6.41,67.58,25.61,6.81,32.42,,,,,,,,0.66,1,1.13,3.19,8.1,85.93,,,,,0.01,-1.962,0.747,1.320149018,-0.976594618,,,,16.71,2.002,-0.123,0.737,17.87
5.56,,6.41,66.9,25.91,7.19,37.04,0.5,2.35,94.53,12,0.41,0.05,96.52,1.02,1.15,1.39,6.47,7.12,82.85,,,,,,-1.4,0.636,,,59.13,0.0922,14.1122,,,,,
5.61,,6.41,68.33,24.89,6.78,36.86,,,,,,,,0.76,0.86,0.91,2.62,6.05,88.56,83.44,14.6,1.96,0,0,-1.531,1.033,0.842722254,-1.048064332,59.0078,0.0864,14.3355,25.42,2.47,-0.133,0.835,28.14
5.66,,6.41,67.69,24.71,7.6,36.69,,,,,,,,0.95,0.9,1.18,2.27,7.03,87.45,,,,,,-1.841,0.909,0.927718666,-1.426036838,58.8648,0.0903,14.7419,,,,,
5.71,,6.41,69.6,22.64,7.76,36.9,,,,,,,,1.31,1.34,1.51,3.13,6.51,86.33,83.22,14.7,2.08,0,0,-1.56,0.584,1.002699438,-1.617375404,58.7661,0.1731,13.9128,25.29,2.487,-0.121,0.83,27.82
5.76,,6.41,69.59,23.22,7.19,39.18,0.5,2.4,94.31,12,0.39,0.05,96.71,2.15,1.76,2.09,4.82,7.43,80.18,,,,,,-1.503,0.3,,,58.3393,0.2017,14.4873,,,,,
5.81,,6.41,69.25,23.01,7.73,37.03,,,,,,,,3.09,1.93,2.7,4.76,7.46,81.27,69.22,12.04,5.64,6.21,6.88,-1.838,0.323,0.863224608,-1.614876741,56.9905,0.1528,13.5733,39.54,4.042,0.182,1.132,35.23
5.86,,6.41,67.53,23.91,8.56,36.21,,,,,,,,2.63,2.93,3.58,4.83,7.37,78.71,,,,,,-1.32,0.908,0.753768349,-1.536444139,56.6942,0.2945,14.3322,,,,,
5.91,,6.41,68.34,24.16,7.5,37.07,,,,,,,,2.1,2.64,3.63,5.83,7.8,77.82,66.39,13.72,7.1,9.19,3.59,-2.028,0.754,0.901869707,-1.311304195,56.0306,0.2255,13.6257,42.28,3.876,0.126,1.035,38.48
5.96,,6.41,68.31,24.63,7.06,37.63,0.51,2.42,93.81,11.79,0.4,0.04,94.88,3.76,3.97,5.04,7.09,7.95,71.12,,,,,,-1.801,0.316,,,54.9988,0.295,13.8769,,,,,
6.01,,6.41,67.63,24.15,8.22,37.39,,,,,,,,3.81,3.08,3.86,6.05,8.62,74.19,74.77,0.31,0,9.3,15.62,-1.633,0.788,0.708368518,-1.56237325,55.1544,0.3185,12.968,46.78,5.694,0.443,1.075,24.41
6.06,,6.41,68.94,22.86,8.2,36.71,,,,,,,,2.91,3.02,4.3,6.74,8.88,74.15,,,,,,-2.034,0.826,0.558847555,-1.711692148,54.6008,0.4036,14.0787,,,,,
6.11,,6.41,65.93,24.08,9.99,35.97,,,,,,,,4.18,5.71,6.46,8.06,9.02,66.57,55.04,0.07,0,21.3,23.59,-1.619,0.876,0.824968345,-1.433609557,52.4881,0.4666,12.6711,57.95,5.738,0.32,0.553,35.12
6.16,,6.41,67.21,22.33,10.45,37.23,0.53,2.51,93.45,11.81,0.4,0.04,95.08,2.89,3.71,4,6.94,8.97,73.48,,,,,,-1.89,0.62,,,54.13,0.6024,14.3217,,,,,
6.21,,6.41,69.89,21.09,9.03,37.26,,,,,,,,2.31,3.06,4.34,7.05,9.18,74.05,27.28,8.87,3.94,2.42,57.49,-1.454,0.536,0.606809494,-2.021988234,53.4596,0.5655,13.9133,351.3,5.929,-0.654,0.661,817.5
6.26,,6.41,68.38,22.2,9.42,36.06,,,,,,,,1.81,2.76,3.77,5.9,9.94,75.82,,,,,,-2.491,0.738,0.836043421,-1.542346298,54.3863,0.2358,12.6056,,,,,
6.31,,6.41,70.64,19.8,9.56,33.95,,,,,,,,1.77,3.09,3.74,5.85,7.22,78.34,54.97,15.41,7.96,11.62,10.05,-1.368,0.923,0.585061777,-1.568176887,53.1489,0.458,14.1402,67.06,4.367,0.154,0.91,54.1
6.36,,6.41,67.39,22.49,10.12,37.36,0.52,2.54,92.85,11.75,0.36,0.04,94.92,3.84,4.36,4.83,8,9.87,67.96,,,,,,-1.152,0.567,,,53.6638,0.4061,14.0447,,,,,
6.41,,6.41,68.15,22.71,9.14,34.84,,,,,,,,1.84,2.8,4.06,6.57,10.5,74.24,63.91,5.87,1.23,15.77,13.22,-1.528,0.649,0.653878144,-1.428055868,53.4014,0.4577,14.1308,61.94,5.033,0.271,0.706,42.29
6.46,,6.41,68.26,22.69,9.05,34.73,,,,,,,,2.98,3.12,3.89,6.74,10.36,72.91,,,,,,-1.664,0.648,0.579634131,-1.767889786,53.617,0.3721,13.9318,,,,,
6.51,,6.41,67.55,21.71,10.74,33.78,,,,,,,,2.36,3.35,4.26,6.31,9.43,74.29,72.01,22.63,5.35,0,0,-1.652,0.549,0.53239053,-1.567935324,,,,33.5,2.574,-0.201,0.947,38.42
6.56,108.50,6.41,61.81,28.19,10,40.42,0.51,2.39,93.11,11.7,0.3,0.03,94.93,11.2,11.28,11.2,10.77,7.74,46.97,,,,,,-0.91,0.481,,,52.653,0.2922,12.9783,,,,,
6.61,,4.17,62.46,25.91,11.63,36.2,,,,,,,,5.31,6.85,8.24,9.67,10.22,59.71,53.4,0.7,0,27.64,18.26,-1.029,0.786,0.592790337,-1.398586359,50.8796,0.5638,13.7843,60.87,5.488,0.203,0.558,44
6.66,110.90,4.17,63.74,24.3,11.95,35.77,,,,,,,,5.51,5.31,5.58,7.03,10.03,66.53,,,,,,-1.836,0.66,1.252958823,-1.178211325,52.7649,0.526,13.8714,,,,,
6.71,,27.27,66.35,22.58,11.07,36.5,,,,,,,,3.51,5.65,6.91,10.15,11.57,62.21,38.44,16.44,11.19,19.61,14.32,-1.537,0.513,0.671887671,-1.041466462,54.9759,0.3477,9.6867,103.5,4.121,-0.028,0.797,98.14
6.76,,27.27,67.81,21.28,10.9,36.26,0.5,2.5,93.1,11.82,0.32,0.03,95.83,2.01,3.97,4.81,7.21,10.84,68.37,,,,,,-1.136,0.408,,,51.3802,0.679,13.0834,,,,,
6.81,,27.27,67.5,20.81,11.68,30.97,,,,,,,,2.3,4.38,5.67,7.71,9.89,70.05,50.85,4.37,0.53,18.41,25.84,-1.622,0.596,0.518658703,-1.710302177,49.9519,1.0181,13.3871,87.6,5.414,0.227,0.688,60.27
6.86,,27.27,71.01,16.72,12.28,36.07,,,,,,,,2.58,4.34,4.75,6.7,11.49,70.14,,,,,,-2.11,0.696,0.724147093,-1.910981552,51.554,0.7151,14.0135,,,,,
6.91,,27.27,66.02,22.32,11.67,36.49,,,,,,,,3.27,5.04,5.83,8.05,11.25,66.54,42.35,16.66,8.94,13.41,18.64,-1.546,0.876,0.749552496,-1.337927823,50.2356,1.0227,13.6449,99.18,4.57,0.091,0.788,82.09
6.96,112.00,27.27,65.66,22.31,12.03,37.16,0.52,2.58,92.59,11.8,0.41,0.04,94.93,3.41,4.08,4.39,7.22,12.18,63.14,,,,,,-1.712,0.511,,,51.1378,0.6096,13.6058,,,,,
7.01,,12.50,69.8,18.53,11.68,34.79,,,,,,,,3.34,2.94,3.66,6.08,11.44,72.55,66.74,26.07,7.2,0,0,-1.498,0.798,0.967095834,-1.571345371,53.3598,1.0001,14.7198,40.11,2.449,-0.217,1.083,45.09
7.06,,12.50,69.08,18.17,12.75,35.4,,,,,,,,1.26,2.04,2.48,5.54,12.77,75.91,,,,,,-1.449,0.612,0.7952,-1.54288,54.5102,0.9215,13.7393,,,,,
7.11,,12.50,67.17,20.56,12.27,35.03,,,,,,,,2.49,3.85,4.68,7.27,11.28,70.44,52.12,20.87,8.4,10.53,8.08,-1.827,1.036,0.856468994,-1.576377726,52.3607,0.9825,12.8704,70.81,3.855,0.129,1.13,59.25
7.16,,12.50,65.38,21.91,12.71,40.02,0.52,2.56,93.08,11.69,0.35,0.04,94.44,3.26,5.64,6.75,8.44,9.78,65.44,,,,,,-1.017,0.388,,,53.32,0.8171,13.7779,,,,,
7.21,114.00,12.50,65.29,23.02,11.69,35.58,,,,,,,,2.99,4.26,5.3,7.68,10.99,68.78,30.92,12.34,8.56,15.62,32.56,-1.57,0.913,0.380425094,-1.63571012,52.5891,0.6518,13.138,189.1,5.287,-0.172,0.778,218.5
7.26,,25.00,65.47,22.83,11.7,35.42,,,,,,,,3.01,3.85,4.38,6.06,10.64,72.06,,,,,,-1.915,0.847,0.649160619,-1.315253378,53.0694,0.911,14.5601,,,,,
7.31,,25.00,66.26,21.25,12.49,34.83,,,,,,,,2.35,3.91,4.5,6.85,11.34,71.05,58.09,8.34,0.9,16.59,16.08,-1.575,0.618,0.8428,-1.6941,52.6037,0.7176,14.0362,75.16,4.691,0.258,0.703,50.31
7.36,,25.00,67.76,19.06,13.17,36.96,0.52,2.52,93.8,11.87,0.29,0.03,96.48,1.47,2.05,2.38,6.19,14.03,73.87,,,,,,-1.562,0.851,,,55.6175,0.9335,14.537,,,,,
7.41,,25.00,68.81,18.01,13.18,34.85,,,,,,,,0.64,1.03,1.38,4.32,13.25,79.38,57.03,21.03,6.91,6.23,8.8,-2.128,1.096,0.810705212,-1.829320875,57.8429,0.7597,14.8605,60.95,3.655,0.157,1.402,53.45
7.46,,25.00,68.7,17.99,13.3,35.66,,,,,,,,0.99,1.48,2.25,5.07,12.68,77.54,,,,,,-1.71,0.91,0.968659175,-1.615497357,,,,,,,,
7.51,,25.00,69.46,17.6,12.94,33.65,,,,,,,,0.88,1.75,2.33,5.77,12.26,77.01,70.55,15.23,0.09,7.19,6.94,-1.76,0.894,0.729717736,-1.814340515,,,,40,3.099,0.054,1.637,42.08
7.56,115.40,25.00,70.53,17.24,12.22,36.22,0.46,2.56,94.94,11.69,0.24,0.03,95.33,1.72,1.67,1.88,5.75,13.6,73.33,,,,,,-2.068,0.811,,,54.6054,0.9406,13.6872,,,,,
7.61,,7.32,70.27,17.1,12.62,35.08,,,,,,,,1.77,2.73,3.32,5.65,12.03,74.5,53.46,21.23,7.74,9.1,8.47,-1.372,0.702,0.594796108,-1.815375981,57.2576,0.7161,14.9272,69.04,3.823,0.147,1.218,57.5
7.66,,7.32,67.06,20.68,12.26,35.24,,,,,,,,1.79,2.63,3.05,6.11,11.16,75.26,,,,,,-1.784,0.597,0.769619522,-1.695163457,57.7563,0.7139,13.003,,,,,
7.71,,7.32,67.04,20.74,12.23,35.8,,,,,,,,3.05,3.85,4.28,6.74,11.49,70.6,48.77,21.72,8.82,9.5,11.19,-1.646,1.153,0.573242312,-1.390762253,57.1802,0.7787,14.4159,80.23,3.979,0.153,1.096,64.53
7.76,,7.32,68.46,19.65,11.88,35.94,0.45,2.47,94.99,11.83,0.28,0.04,96.22,1.87,2.66,2.71,6.15,9.75,73.81,,,,,,-1.779,0.804,,,56.1534,0.5939,14.4022,,,,,
7.81,,7.32,68.76,18.83,12.4,34.96,,,,,,,,1.97,3.17,3.63,7.38,11.77,72.1,57.58,11.07,2.87,13.54,14.94,-1.43,0.877,0.8528139,-1.557330937,56.875,0.5254,14.8904,73.58,4.734,0.245,0.757,51.04
7.86,,7.32,69.02,19.19,11.78,34.04,,,,,,,,1.78,3.18,3.61,6.19,10.31,74.93,,,,,,-0.988,0.789,,,57.8793,0.624,11.8195,,,,,
7.91,,7.32,67.63,20.65,11.72,34.61,,,,,,,,1.75,3.1,3.05,5.65,9.95,76.5,60.96,22.6,7.6,6.81,2.03,-1.253,0.516,0.7204,-1.2952,55.6254,0.7238,14.3132,47.57,3.001,-0.014,1.292,49.3
7.96,,7.32,68.6,20.37,11.03,35.86,0.47,2.45,95.11,11.68,0.3,0.04,94.76,3.61,4.93,5.03,7.67,9.87,67.06,,,,,,-1.743,0.651,,,56.1414,0.422,14.5088,,,,,
8.01,,7.32,66.12,23.11,10.77,36.21,,,,,,,,3.9,5.89,5.64,7.18,7.59,69.79,43.88,13.39,8.59,14.4,19.74,-1.965,0.529,0.57493997,-1.88567712,55.4704,0.5717,14.1061,96.82,4.819,0.09,0.762,80.8
8.06,,7.32,67.42,21.36,11.22,35.86,,,,,,,,4.52,5.14,5.61,7.79,8.57,68.36,,,,,,-1.85,0.739,0.622556776,-1.647257471,55.2751,0.5275,13.3732,,,,,
8.11,,7.32,67.75,21.11,11.13,36.08,,,,,,,,3.24,3.98,5.33,8.3,7.29,70.65,68.77,2.02,0,20.13,9.08,-1.248,0.61,0.698423141,-1.502958155,54.8163,0.5146,14.5204,51.9,5.032,0.316,0.606,32.91
8.16,,7.32,67.46,21.17,11.37,36.63,0.51,2.77,93.82,11.63,0.41,0.04,93.42,3.87,5.29,5.72,9.11,7.82,68.2,,,,,,-1.82,0.913,,,53.1295,0.3309,12.5175,,,,,
8.21,,7.32,67.57,20.89,11.54,42.05,,,,,,,,2,3.94,4.6,7.61,8.94,71.91,26.09,5.83,3.8,5.85,58.44,-1.27,0.875,0.384550554,-1.372300689,53.6683,0.4183,12.4107,375.6,6.24,-0.696,0.665,953.4
8.26,,7.32,66.25,22.45,11.3,21.77,,,,,,,,2.12,3.65,4.52,7.14,7.79,72.77,,,,,,-1.487,0.737,0.545230256,-1.590231429,53.1621,0.4934,13.456,,,,,
8.31,,7.32,64.69,24.53,10.78,37.53,,,,,,,,3.39,5.5,6.42,9.09,8.37,65.02,44.57,14.67,9.57,15.94,15.25,-1.01,0.662,0.363742798,-1.685599291,50.4918,0.3889,13.0772,89.52,4.519,0.069,0.777,77.1
8.36,,7.32,65.87,23.62,10.52,37.4,0.56,2.92,92.71,11.56,0.47,0.05,92.35,3.35,6.98,8.03,11.43,8.54,61.66,,,,,,-1.844,0.183,,,49.319,0.4667,12.6512,,,,,
8.41,,7.32,65.25,23.99,10.76,37.12,,,,,,,,2.65,6.56,7.16,10.25,9.18,63.14,50.18,4.3,1.21,23.43,20.88,-1.563,0.273,0.544591084,-1.445013701,50.2901,0.503,11.7986,80.78,4.997,0.148,0.658,61.84
8.46,,7.32,63.43,25.98,10.6,37.07,,,,,,,,2.49,6.05,8.14,11.02,8.81,63.05,,,,,,-1.283,0.746,0.685481422,-0.871901102,,,,,,,,
8.51,,7.32,64.23,25.28,10.49,35.77,,,,,,,,2.46,6.37,7.39,10.78,8.52,64.07,44.79,11.79,10.49,20.15,12.78,-1.534,0.807,0.4334,-1.5433,,,,84.74,4.543,-0.008,0.74,80.81
8.56,,7.32,65.72,23.67,10.61,37.23,0.54,2.9,92.7,11.49,0.49,0.04,91.69,2.77,6.06,7.8,11.7,9.35,62.31,,,,,,-1.768,0.482,,,49.1127,0.8336,12.6039,,,,,
8.61,,7.32,63.79,25.15,11.07,38.52,,,,,,,,3.5,6.66,7.46,10.87,7.96,62.6,56.93,1.37,2.25,25.18,14.27,-1.591,0.682,0.344673464,-1.50918668,48.4417,0.5076,12.2323,61.65,5.168,0.242,0.625,42.81
8.66,,7.32,58.55,30.21,11.24,39.54,,,,,,,,2.95,8.79,9.54,14.44,9.66,52.85,,,,,,-1.668,0.992,0.687072474,-1.072521339,50.9841,0.4702,11.0223,,,,,
8.71,,7.32,59.44,29.35,11.21,38.85,,,,,,,,4.03,8.71,10.06,11.82,8.99,56.23,36.2,10.48,10.81,23.3,19.2,-1.333,0.8,0.520232238,-1.350404417,51.312,0.4542,10.0227,122.5,4.53,-0.275,0.754,160
8.76,,7.32,60.98,28.32,10.7,38.24,0.54,2.65,93.14,11.56,0.44,0.04,92.58,2.99,8.56,9.58,15.1,8.23,55.55,,,,,,-1.587,0.337,,,50.4706,0.5305,10.1987,,,,,
8.81,,7.32,59.54,29.37,11.09,38.06,,,,,,,,7.43,10.91,12.5,14.86,9.36,44.16,40.85,0.25,2.3,35.66,20.94,-1.54,0.273,0.763905329,-0.662464704,46.2753,0.5873,10.999,121.5,5.443,-0.679,0.574,306.7
8.86,,7.32,61.35,28.4,10.25,36.98,,,,,,,,4.88,8.92,10.69,15.34,10.63,48.65,,,,,,-1.476,0.881,0.7037,-1.0208,52.8068,0.4312,9.3549,,,,,
8.91,,7.32,55.31,33.68,11.01,37.78,,,,,,,,7.51,11.84,11.58,12.69,8.88,46.64,38.48,12.91,16.17,32.08,0.36,-0.721,0.697,0.716734572,-0.916442346,49.5515,1.2077,12.3158,85.96,4.022,-0.322,0.729,115.5
8.96,,7.32,56.36,33.66,9.99,37.82,0.51,2.26,95.04,11.58,0.5,0.03,92.27,4.84,11.69,14.11,16.31,8.68,42.84,,,,,,-1.248,0.387,,,46.7077,0.7969,11.47,,,,,
9.01,,7.32,54.17,34.83,11,37.82,,,,,,,,7.09,11.98,13.64,14.44,9.48,43.34,24.83,11.46,13.87,28.81,21.03,-1.297,0.831,0.743964252,-1.003683405,48.768,1.1612,12.2888,171,3.821,-0.434,0.887,248.4
9.06,,7.32,49.1,40.07,10.82,39.76,,,,,,,,6.88,14.46,14.41,13.99,8.79,41.52,,,,,,-1.521,0.967,0.893053321,-0.96299793,49.4381,1.3455,12.1027,,,,,
9.11,,7.32,53.46,34.68,11.86,37.72,,,,,,,,3.34,8.19,9.4,11.22,9.7,56.64,30.68,13.86,11.87,25.02,18.56,-1.305,1.161,0.83519237,-0.942074853,49.1093,1.545,11.8311,143,3.953,-0.266,0.821,176.9
9.16,,7.32,55.56,34.5,9.93,37.53,0.49,2.18,94.75,11.56,0.3,0.04,93.85,9.1,13.13,13.47,15.8,11.56,36.05,,,,,,-1.366,0.464,,,51.3446,1.3438,13.1196,,,,,
9.21,,7.32,52.37,37.37,10.27,39.56,,,,,,,,6.05,12.47,13.29,14.26,9.86,42.68,21.21,3.92,8.57,31.78,34.51,-1.677,0.68,0.64207825,-0.473285936,51.6224,0.8063,11.5457,225.4,4.11,-0.514,1.152,371.5
9.26,,7.32,55.24,35,9.76,38.09,,,,,,,,5.12,12.09,13.25,14.5,10.19,43.91,,,,,,-1.443,0.977,0.658174977,-0.842350226,55.1481,0.524,9.4266,,,,,
9.31,,7.32,55,35.38,9.62,38.84,,,,,,,,4.93,10.73,12.78,14.67,9.82,46.33,31.07,1.75,5.93,39.49,21.76,-1.884,0.657,0.729221328,-1.069801009,49.5509,0.8363,12.5857,153,4.518,-0.668,0.723,323.1
9.36,140.00,7.32,54.69,35.19,10.12,39.13,0.52,2.24,95.56,11.58,0.31,0.03,93.91,5.63,13.31,14.81,16.56,9.13,40.55,,,,,,-1.395,0.597,,,49.9183,1.1056,12.2066,,,,,
9.41,230.00,25.83,55.63,35.52,8.84,38.32,,,,,,,,4.54,11.14,12.1,12.52,10.54,48.42,24.66,11.56,12.05,28.57,23.16,-1.264,0.89,0.776262097,-1.075204848,47.9828,0.9718,11.3233,178.9,3.846,-0.449,0.876,265.3
9.46,,25.83,57.91,32.48,9.61,36.34,,,,,,,,4.77,11.42,11.25,13.39,11.11,48.48,,,,,,-1.315,0.772,0.907749582,-1.09399854,,,,,,,,
9.51,,25.83,59.74,30.98,9.28,34.23,,,,,,,,6.87,11.61,12.38,14.67,8.7,45.77,24.65,9.6,12.47,30.44,22.83,-1.332,0.887,0.73655709,-1.134807559,,,,178.9,3.859,-0.487,0.877,276.2
9.56,,25.83,57.6,33.42,8.98,37.1,0.49,2.22,94.77,11.66,0.32,0.04,94.47,5.2,11.94,13.91,14.74,10.99,43.22,,,,,,-1.306,0.874,,,50.3841,0.524,9.4353,,,,,
9.61,,25.83,58.44,32.15,9.41,37.43,,,,,,,,3.83,8.74,10.24,12.81,12.69,51.5,29.79,3.34,4.62,37.63,24.62,-1.497,0.875,0.812463579,-1.177790994,53.609,0.5303,7.9417,175,4.157,-0.644,0.759,337.3
9.66,,25.83,61.77,29.73,8.51,37.1,,,,,,,,5.93,11.01,10.57,11.8,10.03,50.79,,,,,,-1.889,1.129,0.805248697,-1.044692986,50.5394,0.6252,9.1556,,,,,
9.71,,25.83,57.53,33.11,9.36,39.11,,,,,,,,5.48,11.55,12.21,15.07,10.96,44.97,28.07,8.23,12.42,31.73,19.55,-1.55,0.853,0.737775986,-1.217104632,50.4923,0.8261,9.9919,164.2,3.912,-0.492,0.821,259.3
9.76,,25.83,58.89,32.54,8.57,38.72,0.53,2.22,95.83,11.5,0.32,0.04,93.1,5.07,10.75,11.21,12.9,11.87,48.21,,,,,,-1.246,0.454,,,50.945,0.7487,10.9336,,,,,
9.81,,25.83,59.11,32.08,8.81,38.38,,,,,,,,4.87,9.91,9.39,11.73,11.47,52.54,35.89,12.99,11.09,27.27,12.75,-1.091,0.972,0.291429563,-1.268858111,54.0372,0.6878,9.715,113,4.09,-0.235,0.766,135.1
9.86,,25.83,60.64,30.33,9.03,37.85,,,,,,,,6.82,10.4,10.4,11.85,11.51,49.06,,,,,,-1.466,0.775,1.08390637,-0.906662383,48.9902,0.7015,11.0112,,,,,
9.91,,25.83,61.65,29.92,8.43,37.46,,,,,,,,4.09,8.47,8.88,11.38,12.84,55.73,41.67,4.35,2.38,31.14,20.46,-1.579,0.714,0.928878585,-0.72777006,53.8783,0.7431,10.5328,135.3,4.734,-0.583,0.669,266.7
9.96,,25.83,59.73,32.05,8.22,37.81,0.51,2.16,96.13,11.58,0.27,0.03,94.25,5.76,9.36,8.41,10.51,11.19,53.22,,,,,,-1.441,0.661,,,53.2396,0.9192,10.8526,,,,,
10.01,,25.83,60.45,30.05,9.5,37.26,,,,,,,,4.51,8.18,8,10.79,12.15,56.25,28.17,7.64,8.06,30.1,26.03,-1.71,0.525,0.913493682,-0.83954407,51.008,1.0324,12.7116,180.1,4.112,-0.546,0.796,309.1
10.06,,25.83,62.2,29.48,8.32,36.89,,,,,,,,4.48,8.24,7.71,10.93,12.09,57.27,,,,,,-1.483,1.013,0.909121321,-1.0905725,52.9884,0.9825,12.9716,,,,,
10.11,,25.83,62.21,29.02,8.77,36.4,,,,,,,,3.91,7.31,6.89,10.98,12.78,58.04,34.31,10.51,8.77,20.9,25.51,-1.142,0.618,0.812070434,-1.054096462,51.5167,0.9499,12.0049,150.3,4.675,-0.265,0.791,197.7
10.16,,25.83,62.19,30.42,7.4,38.81,0.53,2.19,95.33,11.6,0.37,0.03,93.54,5.09,9.83,10.08,13.91,12.05,46.93,,,,,,-1.181,0.523,,,50.9726,0.7993,11.612,,,,,
10.21,,25.83,63.2,29.2,7.59,37.85,,,,,,,,4.99,7.29,6.56,10.68,12.87,57.2,48.7,7.19,0.75,25.9,17.46,-1.494,0.907,0.792672598,-1.116739651,53.116,0.4637,10.6011,85.7,4.545,0.131,0.671,66.38
10.26,,25.83,65.08,27.47,7.44,36.48,,,,,,,,4.35,6.15,5.99,9.23,13.02,61.45,,,,,,-1.197,0.909,1.058521638,-1.153172475,50.8709,0.784,12.1844,,,,,
10.31,,25.83,65.08,27.14,7.78,36.52,,,,,,,,3.56,5.63,5.39,10.47,13.95,60.69,32.22,13.6,7.65,10.14,36.4,-1.305,0.566,0.644823437,-1.215817045,52.1341,0.7096,12.2055,188,5.713,-0.033,0.709,176.7
10.36,,25.83,51.71,39.85,8.43,40.22,0.49,2.01,95.83,11.58,0.27,0.03,94.23,18.13,23.64,14.58,7.54,5.15,28.79,,,,,,-1.233,0.531,,,51.9983,0.7478,12.2557,,,,,
10.41,,25.83,65.49,26.94,7.57,35.6,,,,,,,,3.79,5.86,5.44,10.82,13.83,60.29,29.82,14.03,7.28,9.86,39.01,-1.506,1.132,0.864245952,-1.519933435,52.6359,0.5639,12.7243,213,5.473,-0.104,0.695,219.4
10.46,,25.83,63.3,29.32,7.38,36.66,,,,,,,,5.27,8.38,7.51,11.56,12.32,55.17,,,,,,-1.16,0.749,0.884305804,-1.183825746,52.6899,0.6461,12.9685,,,,,
10.51,,25.83,69.2,23.69,7.1,35.18,,,,,,,,4.23,5.05,4.55,8.65,14.66,63.81,52.64,6.19,0.35,25.18,15.64,-1.203,0.546,0.769004074,-1.157026493,,,,79.12,4.548,0.19,0.662,57.06
10.56,,25.83,66.32,25.8,7.88,37.1,0.56,2.32,94.94,11.71,0.42,0.04,94.01,4.58,5.4,5.34,9.57,11.74,59.21,,,,,,-1.545,0.682,,,52.6386,0.7038,12.7823,,,,,
10.61,,25.83,60.17,32.22,7.61,37.11,,,,,,,,6.03,12.22,10.85,11.2,10.85,48.92,31.47,13.39,9.98,23.43,21.73,-0.833,1.009,0.932678952,-0.926482238,53.4308,0.7033,12.059,147.4,4.086,-0.269,0.793,183
10.66,,25.83,63,29.48,7.52,36.05,,,,,,,,5.15,8.36,7.42,9.19,11.46,58.29,,,,,,-0.968,0.722,0.838704498,-1.086919044,53.0949,0.5464,13.18,,,,,
10.71,,25.83,66.33,26.54,7.13,34.52,,,,,,,,4.26,5.12,5.27,8.37,12.16,65.07,45.67,18.97,8.38,9.71,17.27,-0.836,0.53,1.098187524,-1.067516793,53.1864,0.5575,12.8552,94.02,4.715,0.192,0.913,71.06
10.76,,25.83,68.11,25.37,6.52,35.47,0.69,2.55,94.57,11.79,0.49,0.05,94.13,2.77,3.66,3.41,5.79,7.28,74.58,,,,,,-1.193,0.734,,,54.0076,0.6727,13.3351,,,,,
10.81,,25.83,68.08,25.1,6.82,34.75,,,,,,,,3.32,3.62,3.7,6.2,11.38,71.86,56.97,12.5,4.51,12.13,13.9,-1.382,1.313,0.931918959,-1.443419496,53.2232,0.6155,14.5459,70.55,4.786,0.22,0.792,51.17
10.86,,25.83,67.82,25.51,6.67,35.06,,,,,,,,4.78,4.37,4.03,6.32,9.94,71.13,,,,,,-0.998,0.597,0.958110064,-1.270580945,53.1959,0.7756,14.2755,,,,,
10.91,,25.83,68.82,24.19,6.99,34.42,,,,,,,,3.32,4.42,4.35,5.42,8.16,74.68,74.37,18.65,4.6,2.37,0,-0.968,0.664,0.9344,-1.1196,53.7618,0.4517,13.6563,31.79,2.679,-0.134,0.996,36.02
10.96,,25.83,67.52,25.63,6.85,35.93,0.62,2.41,94.83,11.64,0.45,0.05,93.25,2.73,2.82,2.73,6.32,11.06,73.1,,,,,,-1.339,0.849,,,52.1205,0.688,13.724,,,,,
11.01,,25.83,66.2,26.84,6.96,34.55,,,,,,,,3.23,4.23,4.64,6.85,10.28,70.97,55.44,13.15,5.75,13,12.66,-1.236,0.79,1.022409509,-1.577897745,53.4944,0.5779,14.0099,69.85,4.7,0.188,0.793,52.94
11.06,,25.83,67.71,24.83,7.46,35.01,,,,,,,,3.99,5.24,5.14,7.5,11.64,67.17,,,,,,-1.247,0.23,0.910304659,-1.497826633,51.9427,0.6811,14.464,,,,,
11.11,,25.83,66.21,27.15,6.64,35.15,,,,,,,,3.62,4.11,3.97,5.04,7.68,76.03,58.78,3.62,0.33,12.75,24.52,-0.925,0.498,0.874473073,-1.132978116,53.2574,0.479,14.3984,70.92,5.896,0.295,0.637,44.38
11.16,,25.83,67.4,25.51,7.1,35.43,0.64,2.41,94.6,11.81,0.45,0.04,94.68,4.28,5.78,5.06,7.29,8.8,67.95,,,,,,-1.459,0.835,,,52.8936,0.5365,14.0747,,,,,
11.21,,25.83,67.86,25.06,7.07,34.62,,,,,,,,4.45,5.32,5.03,7.06,9.19,69.57,50.98,15.09,6.07,9.18,18.68,-1.469,0.813,1.099463218,-1.320127669,53.4124,0.4265,14.044,82.25,5.15,0.194,0.788,60.53
11.26,,25.83,70.91,21.99,7.1,34.41,,,,,,,,4.1,4.21,4.1,5.92,7.53,75.21,,,,,,-1.118,0.844,0.54800511,-1.327892079,54.1196,0.5556,14.5497,,,,,
11.31,,25.83,72.43,20.63,6.94,34.64,,,,,,,,3.19,3.15,3.19,4.38,6.8,79.88,68.29,4.45,0,8.09,19.17,-1.468,0.947,0.689556065,-1.687076188,53.4869,0.461,14.2906,60.56,5.873,0.348,0.671,36.14
11.36,,25.83,68.87,23.94,7.18,35.63,0.52,2.47,94.53,11.64,0.46,0.04,93.09,5.49,5.78,5.54,7.87,9.03,66.29,,,,,,-1.59,0.727,,,53.3115,0.4602,14.2452,,,,,
11.41,,25.83,71.78,21.2,7.02,33.29,,,,,,,,2.36,2.88,2.95,4.44,6.55,81.28,81.51,15.29,3.19,0,0,-1.113,0.908,1.018562806,-1.659811982,52.0968,0.2913,12.6828,26.45,2.534,-0.122,0.859,29.26
11.46,,25.83,70.96,21.28,7.76,33.67,,,,,,,,3.3,3.21,3.3,4.57,6.9,79.46,,,,,,-1.34,0.588,0.902173645,-1.190473145,,,,,,,,
11.51,,25.83,69.53,22.3,8.17,32.69,,,,,,,,7,5.06,5.28,5.58,6.52,71.16,57.46,10.42,5.32,12.85,13.95,-1.704,0.885,0.878590855,-1.926991243,,,,64.49,5.065,0.204,0.72,47.83
11.56,,25.83,69.57,21.64,8.79,34.31,0.5,2.58,93.36,11.71,0.48,0.05,93.52,2.8,2.68,3.05,3.96,5.3,80.2,,,,,,-1.36,0.857,,,51.0716,0.1917,12.3761,,,,,
11.61,,25.83,70.17,21.08,8.75,34.87,,,,,,,,3.06,3.93,4.06,4.84,6.71,78.19,84.04,13.21,2.74,0,0,-1.533,0.815,0.785509889,-1.725310943,51.1232,0.4657,12.7855,25.2,2.472,-0.127,0.855,27.98
11.66,,25.83,69.78,20.9,9.32,34.73,,,,,,,,2.74,3.83,4.45,5.68,6.43,77.77,,,,,,-1.448,0.932,0.713645311,-1.980817873,51.1682,0.4336,12.886,,,,,
11.71,,25.83,68.23,22.08,9.69,33.91,,,,,,,,3.29,4.46,5.17,6.11,7.6,74.24,67.65,2.66,0.7,16.27,12.72,-0.969,0.814,0.835805357,-1.489969143,52.052,0.39,13.1653,55.01,5.215,0.304,0.633,35.55
11.76,,25.83,66.7,23.14,10.15,35.28,0.51,2.5,93.98,11.59,0.38,0.04,93.33,4.5,5.43,6.26,6.89,3.96,65.09,,,,,,-1.364,0.58,,,51.3071,0.3875,10.4253,,,,,
11.81,,25.83,67.7,22.96,9.35,34.39,,,,,,,,5.58,7.38,7.95,6.67,7.1,64.81,43.26,11.68,8.17,17.35,19.53,-1.129,0.706,0.862069677,-1.110279279,52.5409,0.4808,13.6173,96.06,4.977,0.032,0.748,87.65
11.86,,25.83,67.56,23.02,9.42,34.55,,,,,,,,6.42,6.49,7.68,7.54,7.61,65.25,,,,,,-1.582,0.49,0.681101626,-1.719868512,51.6019,0.4817,12.893,,,,,
11.91,,25.83,68.33,21.88,9.79,33.7,,,,,,,,4.24,5.64,6.46,6.77,6.59,70.7,69.77,16.81,8.34,5.08,0,-1.358,0.396,0.80103166,-1.438344623,52.153,0.7619,13.1015,33.8,3.157,-0.014,0.953,35.97
11.96,,25.83,66.81,23.87,9.32,36.55,0.46,2.37,94.27,11.36,0.36,0.04,91.58,7.33,8.54,8.14,10.15,8.05,56.26,,,,,,-1.326,0.704,,,52.8135,0.7082,12.6398,,,,,
12.01,,25.83,66.95,22.5,10.55,35.27,,,,,,,,4.5,6.1,6.98,7.65,7.7,67.43,43.54,10.44,7.54,16.91,21.57,-1.218,0.685,0.544175847,-1.512821097,51.9462,0.4764,12.6145,97.5,5.072,0.021,0.722,89.78
12.06,,25.83,66.03,23.4,10.57,34.3,,,,,,,,5.3,6.44,6.88,7.66,7.98,24.44,,,,,,-1.448,0.737,0.723336073,-1.123141322,52.0604,0.5247,12.1134,,,,,
12.11,,25.83,64.53,24.38,11.09,35.26,,,,,,,,5.3,7.37,7.23,7.86,6.96,65.5,45.06,13.1,8.23,16.36,17.25,-1.057,0.195,0.790214476,-1.027001129,51.7159,0.4214,12.5402,89.07,4.795,0.069,0.749,77.21
12.16,,25.83,67.23,22.13,10.63,35.35,0.56,2.58,94.24,11.41,0.39,0.05,91.84,3.26,5.93,6.88,8.6,6.19,67.2,,,,,,-1.341,0.377,,,51.7906,0.2889,12.8987,,,,,
12.21,,25.83,69.62,20.2,10.18,34.67,,,,,,,,2.67,3.48,4.34,5.56,6.87,77.23,65.5,15.81,7.54,10.02,1.14,-1.784,0.887,0.794033209,-1.477717158,52.512,0.3629,12.8526,42.33,3.56,0.066,1.085,41.07
12.26,,25.83,66.84,22.64,10.52,33.48,,,,,,,,5.34,7.08,7.21,7.29,7.25,66.33,,,,,,-1.449,0.627,0.580200792,-1.313166383,51.7623,0.4068,12.7105,,,,,
12.31,,25.83,65.9,22.53,11.58,30.3,,,,,,,,4.86,8.03,8.38,8.16,7.29,63.93,44.93,11.32,7.56,18.72,17.47,-1.164,0.735,0.87889191,-1.322243745,50.666,0.5774,12.5962,89.91,4.793,0.051,0.732,79.49
12.36,,25.83,61.27,26.99,11.74,35.38,0.53,2.46,94.19,11.29,0.33,0.04,91.33,6.39,8.93,10.02,10.46,7.7,55.41,,,,,,-0.952,0.557,,,51.4412,0.5292,12.4602,,,,,
12.41,,25.83,63.54,24.55,11.92,33.66,,,,,,,,4.81,8.64,9.36,9.78,7.5,59.95,43.68,13.27,9.38,20.22,13.45,-1.691,0.737,0.937500596,-1.122752536,51.5836,0.3156,12.3574,88.44,4.462,-0.006,0.735,82.86
12.46,,25.83,64.83,23.3,11.86,32.62,,,,,,,,3.51,7.44,8.25,8.75,7.19,64.78,,,,,,-1.33,0.849,0.589450784,-1.597275174,,,,,,,,
12.51,242.00,5.13,60.29,27.44,12.27,33.2,,,,,,,,5.42,8.67,9.64,9.96,7.65,58.99,51.68,15.43,11.38,21.21,0.3,-1.388,0.755,0.566146126,-1.894858599,,,,61.62,4.067,-0.005,0.744,58.79
12.56,,5.13,52.94,34.23,12.83,38.46,0.51,2.24,93.85,11.17,0.23,0.03,91.14,10.12,15.38,16.13,13.53,4.85,39.99,,,,,,-1.6,1.176,,,46.7813,0.5975,8.7815,,,,,
12.61,,5.13,58.25,29,12.74,35.38,,,,,,,,11.59,11.51,11.59,10.7,7.27,47.64,30.97,8.71,8.87,25.13,26.32,-1.856,0.172,0.801331244,-1.114071582,49.2872,0.3866,8.3324,158.7,4.483,-0.494,0.757,266
12.66,,5.13,59.92,28.24,11.84,36.26,,,,,,,,6.31,11.26,12.08,12.37,8.83,49.93,,,,,,-0.952,0.721,0.827374327,-1.244945876,46.932,0.5516,9.3437,,,,,
12.71,,5.13,47.85,37.77,14.38,39.21,,,,,,,,8.98,16.63,17.49,16.71,8.35,32.39,17.41,1.1,5.96,35.64,39.89,-1.12,0.428,0.874249426,-0.483336186,48.9384,0.5014,11.5697,265.2,4.198,-0.5,1.951,421.8
12.76,,5.13,46.05,41.14,12.81,40.5,0.47,2.09,94.9,11.12,0.2,0.03,90.98,12.57,18.07,22.29,20.83,8.53,16.06,,,,,,-1.165,0.371,,,50.165,0.5229,6.6046,,,,,
12.81,,5.13,53.42,33.88,12.7,36.94,,,,,,,,11.42,13.91,16.81,16.35,8.61,33.99,18.75,6.96,11.72,35.51,27.06,-1.206,0.841,0.72528434,-0.772586935,51.8602,1.1074,11.2036,215.7,3.605,-0.559,1.176,343
12.86,,5.13,54.9,32.11,12.99,36.59,,,,,,,,9.1,14.94,16.68,14.63,7.85,37.49,,,,,,-1.358,0.625,0.53246986,-1.230497586,53.2439,1.3358,12.7015,,,,,
12.91,,5.13,46.41,39.44,14.15,39.17,,,,,,,,9.12,18.52,20.08,15.6,7.5,29.88,16.66,8.72,12.06,32.76,29.8,-1.045,0.363,0.666879312,-0.761069717,52.652,1.1135,12.904,238.8,3.435,-0.483,1.122,344.1
12.96,,5.13,51.73,34.8,13.47,37.34,0.5,2.25,94.15,11.31,0.22,0.04,92.37,8.76,15.94,17.13,14.47,7.63,34.88,,,,,,-1.631,0.812,,,52.0817,0.9943,12.1643,,,,,
13.01,,5.13,45.95,40.39,13.67,39.11,,,,,,,,8.29,18.92,20.87,16.28,7.44,29.03,17.58,10.3,14.92,37.96,19.23,-1.361,0.374,0.922,-0.4205,51.9169,0.9121,12.2268,206.1,3.163,-0.525,1.071,297.7
13.06,,5.13,48.72,37.79,13.49,38.15,,,,,,,,7.4,16.91,18.21,14.99,7.98,35.22,,,,,,-1.027,0.882,0.66640451,-0.85388862,51.9997,0.8921,12.4613,,,,,
13.11,,5.13,48.09,38.48,13.43,35.58,,,,,,,,8.55,14.85,17.77,15.05,8.09,36.35,29.94,14.01,16.23,36.48,3.34,-1.229,0.96,0.129866503,-1.284403472,53.2043,0.678,12.8028,121.1,3.579,-0.432,0.847,170.3
13.16,,5.13,51.41,36.49,12.1,38.73,0.45,2.1,94.69,11.18,0.17,0.03,91.7,7.6,17.25,19.9,15.8,6.88,31.97,,,,,,-0.995,0.799,,,52.3099,1.2029,12.0572,,,,,
13.21,,5.13,53.2,35.47,11.33,37.38,,,,,,,,7.79,16.85,17.52,14.59,8.33,35.45,22.01,2.32,6.16,40.02,29.49,-1.182,0.293,0.820577047,-0.767543934,51.1243,1.0852,11.5726,203.2,3.985,-0.634,1.551,373.6
13.26,,5.13,48.59,40.28,11.13,40.28,,,,,,,,10.31,20.48,19.95,9.19,6.99,28.78,,,,,,-1.607,1.043,0.790101332,-0.685189207,53.5008,1.0513,11.5774,,,,,
13.31,,5.13,48.08,39.72,12.2,38.54,,,,,,,,7.88,18.02,18.57,14.32,7.66,34.29,23.61,0.91,5.8,45.63,24.05,-1.151,0.473,0.910323664,-0.183721593,52.2763,1.1636,11.9205,181.2,4.063,-0.692,1.757,361
13.36,,5.13,49,40.13,10.87,39.02,0.49,2.11,94.93,11.23,0.14,0.03,92.34,6.44,15.52,17.15,16.2,9.53,33.39,,,,,,-1.023,0.766,,,53.0088,1.3409,12.4956,,,,,
13.41,,5.13,49.96,39.19,10.86,39.29,,,,,,,,8.22,18.14,18.21,14.79,8.11,32.68,19.33,5.39,10.21,38.33,26.74,-0.95,0.902,0.603636068,-0.601248358,53.9647,1.3268,12.6375,212.4,3.568,-0.615,1.234,355.9
13.46,,5.13,49.78,39.14,11.07,38.56,,,,,,,,8.77,17.02,17.32,13.73,7.96,35.64,,,,,,-1.102,0.802,0.528638764,-0.960906329,52.8177,1.0111,10.6615,,,,,
13.51,,5.13,51.1,36.07,12.83,36,,,,,,,,7.2,15.75,15.86,12.78,7.64,41.46,28.35,0.69,5.4,38.55,27.01,-1.156,0.524,0.547133862,-0.849410258,,,,167.4,4.757,-0.63,0.77,351.6
13.56,,5.13,48.07,39.99,11.94,38.84,0.42,2.05,94.36,11.17,0.17,0.03,91.61,9.02,18.78,17.9,13.85,6.99,33.46,,,,,,-1.201,0.173,,,51.8188,1.173,11.5097,,,,,
13.61,,5.13,52.1,35.33,12.57,38.59,,,,,,,,7.75,17.11,17.49,14.18,8.22,35.38,19.57,7.4,9.85,35.41,27.77,-1.425,0.423,0.766810328,-0.955774089,52.2552,1.0711,11.988,211.9,3.673,-0.606,1.086,355.2
13.66,,5.13,51.09,38.08,10.83,39.46,,,,,,,,9.6,18.25,16.94,12.8,7.38,35.4,,,,,,-1.022,0.521,0.602396639,-0.170532965,52.3593,0.959,12.8633,,,,,
13.71,,5.13,50.03,37.76,12.2,38.71,,,,,,,,11.04,18.18,17.56,13.11,6.87,32.93,16.63,1.18,6.56,38.51,37.12,-1.116,0.735,0.7587924,-0.781612815,53.1277,0.8899,11.6501,260.2,3.879,-0.543,2.146,416.5
13.76,,5.13,49.79,38.58,11.62,37.65,0.49,2.19,94.45,11.19,0.14,0.03,92.02,5.06,13.92,15.57,13.42,8.1,39.87,,,,,,-1.361,0.075,,,52.791,0.9823,12.4647,,,,,
13.81,,5.13,51.82,36.43,11.75,37.99,,,,,,,,6.96,16.34,16.09,14.27,8.72,37.47,23.61,8.78,12.42,32.57,22.62,-1.068,0.673,0.656697635,-1.037596461,53.6125,0.8708,12.2572,178.3,3.883,-0.549,0.918,293
13.86,,5.13,57.01,28.89,14.1,35.67,,,,,,,,6.73,12.21,12.11,11.62,7.18,50.28,,,,,,-1.543,0.829,0.429311066,-1.329424859,52.2499,0.8782,10.7004,,,,,
13.91,,5.13,51.36,37.26,11.38,38.08,,,,,,,,8.22,16.81,16.89,12.88,7.5,38.63,21.91,9.99,11.19,31.19,25.72,-1.232,0.7,0.873812452,-0.564388738,49.5048,0.821,11.7632,197.2,3.771,-0.522,0.937,311.4
13.96,,5.13,48.83,36.47,14.7,38.74,0.52,2.37,94.8,11.18,0.16,0.04,91.74,11.25,16.09,17.58,12.81,3.36,34.06,,,,,,-1.197,0.801,,,52.141,0.8493,12.6629,,,,,
14.01,,5.13,50.39,38.47,11.13,38.23,,,,,,,,8,16.58,16.25,14.06,8.88,37.37,20.01,7.88,11.27,33.07,27.77,-1.264,0.167,0.784640887,-0.463236983,51.7332,0.9233,9.0046,209.3,3.732,-0.548,1.049,335.6
14.06,,5.13,52.68,35.36,11.95,34.04,,,,,,,,6.71,11.65,10.89,10.24,7.43,53.63,,,,,,-1.794,0.894,0.461221576,-1.202283072,51.7903,1.1095,12.3826,,,,,
14.11,,5.13,50.72,38.55,10.73,35.47,,,,,,,,6.61,14.41,14.11,13.05,8.77,43.94,28.09,12.85,12.82,29.6,16.64,-1.341,0.632,0.493617149,-1.023781522,52.6777,1.1479,11.4001,147.7,3.873,-0.418,0.84,211.3
14.16,,5.13,48.97,39.84,11.2,39.84,0.51,2.15,94.33,11.09,0.12,0.02,91.39,7.39,17.47,18.01,14.11,6.45,31.45,,,,,,-1.323,0.302,,,61.065,0.8867,12.5431,,,,,
14.21,,5.13,46.08,42.12,11.8,39.17,,,,,,,,9.96,18.57,16.52,14.21,9.58,41.17,18.79,8.78,10.9,35.62,25.91,-1.715,0.666,0.734435391,-0.717536409,54.1638,0.9981,11.2433,214.1,3.493,-0.571,1.065,338.4
14.26,,5.13,48.44,39.29,12.27,38.59,,,,,,,,8.75,17.35,16.72,14.33,9.43,34.65,,,,,,-1.092,0.781,0.575523511,-0.97778923,52.8578,1.3788,12.5805,,,,,
14.31,,5.13,48.43,40.27,11.31,37.38,,,,,,,,8.02,16.82,10.32,13.91,9.04,37.66,21.16,0.49,5.42,36.51,36.42,-1.349,1.053,0.782444949,-0.740215475,51.3504,1.283,12.4109,207.1,4.528,-0.627,1.942,406.1
14.36,,5.13,48.54,41.09,10.37,39.97,0.56,2.15,95.16,11.12,0.16,0.03,91.27,7.96,17.84,15.45,14.36,1.02,43.36,,,,,,-0.961,0.455,,,52.7118,1.273,12.67,,,,,
14.41,,5.13,50.17,39.94,9.88,36.67,,,,,,,,7.49,16.1,16.66,15.19,10.6,35.79,34.61,1.81,3,44.34,16.24,-1.186,0.162,0.672523283,-0.964010125,51.8501,1.307,13.0426,133,4.802,-0.711,0.673,317.4
14.46,280.00,5.13,50.26,38.77,10.97,35.12,,,,,,,,,,,,,39.41,,,,,,-0.924,0.64,0.884800866,-0.615977345,52.6609,1.1244,12.0373,,,,,
,,,,,,,,,,,,,,,,,,,,,,,,,,,,,,,,,,,,
